Alewife,Oak_Grove
Alewife,Malden_Center
Alewife,Blandford_Street
Alewife,BU_East
Alewife,BU_Central
Alewife,BU_West
Alewife,Saint_Paul_Street_B
Alewife,Pleasant_Street
Alewife,Babcock_Street
Alewife,Packards_Corner
Alewife,Harvard_Ave.
Alewife,Griggs_Street
Alewife,Allston_Street
Alewife,Warren_Street
Alewife,Washington_Street
Alewife,Chestnut_Hill
Alewife,South_Street
Alewife,Boston_College
Davis,Oak_Grove
Davis,Malden_Center
Davis,Wellington
Davis,Assembly
Davis,Sullivan_Square
Davis,Community_College
Davis,BU_West
Davis,Saint_Paul_Street_B
Davis,Pleasant_Street
Davis,Babcock_Street
Davis,Packards_Corner
Davis,Harvard_Ave.
Davis,Griggs_Street
Davis,Allston_Street
Davis,Warren_Street
Davis,Washington_Street
Davis,South_Street
Davis,Boston_College
Porter,Oak_Grove
Porter,Malden_Center
Porter,Wellington
Porter,Assembly
Porter,Sullivan_Square
Porter,Community_College
Porter,BU_West
Porter,Saint_Paul_Street_B
Porter,Pleasant_Street
Porter,Babcock_Street
Porter,Packards_Corner
Porter,Harvard_Ave.
Porter,Griggs_Street
Porter,Allston_Street
Porter,Warren_Street
Porter,Washington_Street
Porter,Boston_College
Harvard,Oak_Grove
Harvard,Malden_Center
Harvard,Wellington
Harvard,Assembly
Harvard,Sullivan_Square
Harvard,BU_West
Harvard,Saint_Paul_Street_B
Harvard,Pleasant_Street
Harvard,Babcock_Street
Harvard,Packards_Corner
Harvard,Harvard_Ave.
Harvard,Griggs_Street
Harvard,Allston_Street
Harvard,Warren_Street
Harvard,Washington_Street
Harvard,Boston_College
Harvard,Lechmere
Central,Lechmere
Central,Oak_Grove
Central,Malden_Center
Central,Wellington
Central,Assembly
Central,Boylston
Central,Arlington
Central,Copley
Central,Hynes_Convention_Center
Central,Kenmore
Central,Blandford_Street
Central,BU_East
Central,BU_Central
Central,BU_West
Central,Saint_Paul_Street_B
Central,Pleasant_Street
Central,Babcock_Street
Central,Packards_Corner
Kendall/MIT,Lechmere
Kendall/MIT,Oak_Grove
Kendall/MIT,Malden_Center
Kendall/MIT,Wellington
Kendall/MIT,Bowdoin
Kendall/MIT,Boylston
Kendall/MIT,Arlington
Kendall/MIT,Copley
Kendall/MIT,Hynes_Convention_Center
Kendall/MIT,Kenmore
Kendall/MIT,Blandford_Street
Kendall/MIT,BU_East
Kendall/MIT,BU_Central
Kendall/MIT,BU_West
Kendall/MIT,Saint_Paul_Street_B
Kendall/MIT,Pleasant_Street
Kendall/MIT,Babcock_Street
Charles/MGH,Bowdoin
Charles/MGH,Lechmere
Charles/MGH,Boylston
Charles/MGH,Arlington
Charles/MGH,Copley
Charles/MGH,Hynes_Convention_Center
Charles/MGH,Kenmore
Charles/MGH,Blandford_Street
Charles/MGH,BU_East
Charles/MGH,BU_Central
Charles/MGH,BU_West
Charles/MGH,Saint_Paul_Street_B
Charles/MGH,Pleasant_Street
Charles/MGH,Babcock_Street
South_Station,Aquarium
South_Station,Maverick
South_Station,Airport
South_Station,Wood_Island
South_Station,Orient_Heights
South_Station,Chinatown
South_Station,Massachusetts_Ave.
South_Station,Ruggles
South_Station,Roxbury_Crossing
South_Station,Jackson_Square
South_Station,Stony_Brook
South_Station,Green_Street
South_Station,Forest_Hills
Broadway,Aquarium
Broadway,Maverick
Broadway,Airport
Broadway,Massachusetts_Ave.
Broadway,Ruggles
Broadway,Roxbury_Crossing
Broadway,Jackson_Square
Broadway,Stony_Brook
Broadway,Green_Street
Broadway,Forest_Hills
Andrew,Chinatown
Andrew,Tufts_Medical_Center
Andrew,Back_Bay
Andrew,Massachusetts_Ave.
Andrew,Ruggles
Andrew,Roxbury_Crossing
Andrew,Jackson_Square
Andrew,Stony_Brook
Andrew,Green_Street
Andrew,Forest_Hills
JFK/Umass,Chinatown
JFK/Umass,Tufts_Medical_Center
JFK/Umass,Back_Bay
JFK/Umass,Massachusetts_Ave.
JFK/Umass,Ruggles
JFK/Umass,Roxbury_Crossing
JFK/Umass,Jackson_Square
Savin_Hill,Chinatown
Savin_Hill,Tufts_Medical_Center
Savin_Hill,Back_Bay
Savin_Hill,Massachusetts_Ave.
Savin_Hill,Ruggles
Savin_Hill,Roxbury_Crossing
Fields_Corner,Massachusetts_Ave.
Fields_Corner,Ruggles
Fields_Corner,Roxbury_Crossing
Fields_Corner,Jackson_Square
Fields_Corner,Stony_Brook
Fields_Corner,Green_Street
Fields_Corner,Forest_Hills
Fields_Corner,North_Quincy
Fields_Corner,Wollaston
Fields_Corner,Quincy_Center
Shawmut,Ruggles
Shawmut,Roxbury_Crossing
Shawmut,Jackson_Square
Shawmut,Stony_Brook
Shawmut,Green_Street
Shawmut,Forest_Hills
Shawmut,North_Quincy
Shawmut,Wollaston
Shawmut,Quincy_Center
Ashmont,North_Quincy
Ashmont,Wollaston
Ashmont,Quincy_Center
Ashmont,Quincy_Adams
Ashmont,Braintree
North_Quincy,Fields_Corner
North_Quincy,Shawmut
North_Quincy,Ashmont
Wollaston,Fields_Corner
Wollaston,Shawmut
Wollaston,Ashmont
Quincy_Center,Fields_Corner
Quincy_Center,Shawmut
Quincy_Center,Ashmont
Quincy_Adams,Fields_Corner
Quincy_Adams,Shawmut
Quincy_Adams,Ashmont
Quincy_Adams,Savin_Hill
Braintree,Fields_Corner
Braintree,Ashmont
Braintree,Savin_Hill
Bowdoin,Lechmere
Bowdoin,Science_Park
Aquarium,Community_College
Aquarium,North_Station
Aquarium,Haymarket
Maverick,Community_College
Maverick,North_Station
Maverick,Haymarket
Airport,Oak_Grove
Airport,Malden_Center
Airport,Wellington
Airport,Assembly
Airport,Sullivan_Square
Airport,Community_College
Wood_Island,Oak_Grove
Wood_Island,Malden_Center
Wood_Island,Wellington
Wood_Island,Assembly
Wood_Island,Sullivan_Square
Wood_Island,Community_College
Orient_Heights,Oak_Grove
Orient_Heights,Malden_Center
Orient_Heights,Wellington
Orient_Heights,Assembly
Orient_Heights,Sullivan_Square
Orient_Heights,Community_College
Suffolk_Downs,Oak_Grove
Suffolk_Downs,Malden_Center
Suffolk_Downs,Wellington
Suffolk_Downs,Assembly
Suffolk_Downs,Sullivan_Square
Suffolk_Downs,Community_College
Beachmont,Oak_Grove
Beachmont,Malden_Center
Beachmont,Wellington
Beachmont,Assembly
Beachmont,Sullivan_Square
Beachmont,Community_College
Revere_Beach,Oak_Grove
Revere_Beach,Malden_Center
Revere_Beach,Wellington
Revere_Beach,Assembly
Revere_Beach,Sullivan_Square
Revere_Beach,Community_College
Wonderland,Oak_Grove
Wonderland,Malden_Center
Wonderland,Wellington
Wonderland,Assembly
Wonderland,Sullivan_Square
Wonderland,Community_College
Chinatown,Boylston
Chinatown,Arlington
Chinatown,Copley
Tufts_Medical_Center,Boylston
Tufts_Medical_Center,Arlington
Tufts_Medical_Center,Copley
Back_Bay,Boylston
Back_Bay,Arlington
Back_Bay,Copley
Back_Bay,Prudential
Massachusetts_Ave.,Symphony
Massachusetts_Ave.,Northeastern_University
Massachusetts_Ave.,Museum_of_Fine_Arts
Massachusetts_Ave.,Longwood_Medical_Area
Massachusetts_Ave.,Brigham_Circle
Ruggles,Symphony
Ruggles,Northeastern_University
Ruggles,Museum_of_Fine_Arts
Ruggles,Longwood_Medical_Area
Ruggles,Brigham_Circle
Ruggles,Fenwood_Road
Ruggles,Mission_Park
Ruggles,Riverway
Ruggles,Back_of_the_Hill
Ruggles,Heath_Street
Roxbury_Crossing,Northeastern_University
Roxbury_Crossing,Museum_of_Fine_Arts
Roxbury_Crossing,Longwood_Medical_Area
Roxbury_Crossing,Brigham_Circle
Roxbury_Crossing,Fenwood_Road
Roxbury_Crossing,Mission_Park
Roxbury_Crossing,Riverway
Roxbury_Crossing,Back_of_the_Hill
Roxbury_Crossing,Heath_Street
Jackson_Square,Northeastern_University
Jackson_Square,Museum_of_Fine_Arts
Jackson_Square,Longwood_Medical_Area
Jackson_Square,Brigham_Circle
Jackson_Square,Fenwood_Road
Jackson_Square,Mission_Park
Jackson_Square,Riverway
Jackson_Square,Back_of_the_Hill
Jackson_Square,Heath_Street
Stony_Brook,Fenwood_Road
Stony_Brook,Mission_Park
Stony_Brook,Riverway
Green_Street,Heath_Street
Green_Street,Mission_Park
Forest_Hills,Heath_Street
Forest_Hills,Mission_Park
Symphony,Fenway
Symphony,Longwood
Symphony,Brookline_Village
Northeastern_University,Fenway
Northeastern_University,Longwood
Northeastern_University,Brookline_Village
Longwood_Medical_Area,Fenway
Longwood_Medical_Area,Longwood
Longwood_Medical_Area,Brookline_Village
Brigham_Circle,Fenway
Brigham_Circle,Longwood
Brigham_Circle,Brookline_Village
Fenwood_Road,Fenway
Fenwood_Road,Longwood
Fenwood_Road,Brookline_Village
Mission_Park,Brookline_Hills
Riverway,Brookline_Hills
Riverway,Beaconsfield
Riverway,Reservoir
Riverway,Chestnut_Hill
Back_of_the_Hill,Brookline_Hills
Back_of_the_Hill,Beaconsfield
Back_of_the_Hill,Reservoir
Back_of_the_Hill,Chestnut_Hill
Heath_Street,Chestnut_Hill
Fenway,Saint_Mary_Street
Fenway,Hawes_Street
Fenway,Kent_Street
Fenway,St_Pauls_Street_C
Fenway,Coolidge_Corner
Fenway,Summit_Ave.
Fenway,Brandon_Hall
Fenway,Fairbanks_Street
Fenway,Washington_Square
Fenway,Tappan_Street
Fenway,Dean_Road
Fenway,Englewood_Ave.
Fenway,Cleveland_Circle
Longwood,Saint_Mary_Street
Longwood,Hawes_Street
Longwood,Kent_Street
Longwood,St_Pauls_Street_C
Longwood,Coolidge_Corner
Longwood,Summit_Ave.
Longwood,Brandon_Hall
Longwood,Fairbanks_Street
Longwood,Washington_Square
Longwood,Tappan_Street
Longwood,Dean_Road
Longwood,Englewood_Ave.
Longwood,Cleveland_Circle
Brookline_Village,Kent_Street
Brookline_Village,St_Pauls_Street_C
Brookline_Village,Coolidge_Corner
Brookline_Village,Summit_Ave.
Brookline_Village,Brandon_Hall
Brookline_Village,Fairbanks_Street
Brookline_Village,Washington_Square
Brookline_Village,Tappan_Street
Brookline_Village,Dean_Road
Brookline_Village,Englewood_Ave.
Brookline_Village,Cleveland_Circle
Brookline_Hills,Saint_Mary_Street
Brookline_Hills,Hawes_Street
Brookline_Hills,Kent_Street
Brookline_Hills,St_Pauls_Street_C
Brookline_Hills,Coolidge_Corner
Brookline_Hills,Summit_Ave.
Brookline_Hills,Brandon_Hall
Brookline_Hills,Fairbanks_Street
Brookline_Hills,Washington_Square
Brookline_Hills,Tappan_Street
Brookline_Hills,Dean_Road
Brookline_Hills,Englewood_Ave.
Brookline_Hills,Cleveland_Circle
Beaconsfield,Saint_Mary_Street
Beaconsfield,Hawes_Street
Beaconsfield,Kent_Street
Beaconsfield,St_Pauls_Street_C
Beaconsfield,Coolidge_Corner
Beaconsfield,Summit_Ave.
Beaconsfield,Brandon_Hall
Beaconsfield,Fairbanks_Street
Beaconsfield,Washington_Square
Beaconsfield,Tappan_Street
Beaconsfield,Dean_Road
Beaconsfield,Englewood_Ave.
Beaconsfield,Cleveland_Circle
Reservoir,Saint_Mary_Street
Reservoir,Hawes_Street
Reservoir,Kent_Street
Reservoir,St_Pauls_Street_C
Reservoir,Coolidge_Corner
Reservoir,Summit_Ave.
Reservoir,Brandon_Hall
Reservoir,Fairbanks_Street
Reservoir,Washington_Square
Reservoir,Tappan_Street
Reservoir,Dean_Road
Reservoir,Englewood_Ave.
Reservoir,Cleveland_Circle
Chestnut_Hill,Chestnut_Hill_Ave.
Chestnut_Hill,South_Street
Chestnut_Hill,Boston_College
Newton_Centre,Chestnut_Hill_Ave.
Newton_Centre,South_Street
Newton_Centre,Boston_College
Newton_Highlands,South_Street
Newton_Highlands,Boston_College
Eliot,Boston_College
Waban,Boston_College
Woodland,Boston_College
Riverside,Boston_College
Saint_Mary_Street,Blandford_Street
Saint_Mary_Street,BU_East
Saint_Mary_Street,BU_Central
Saint_Mary_Street,BU_West
Saint_Mary_Street,Saint_Paul_Street_B
Saint_Mary_Street,Pleasant_Street
Saint_Mary_Street,Babcock_Street
Saint_Mary_Street,Packards_Corner
Saint_Mary_Street,Harvard_Ave.
Saint_Mary_Street,Griggs_Street
Saint_Mary_Street,Allston_Street
Saint_Mary_Street,Warren_Street
Saint_Mary_Street,Washington_Street
Saint_Mary_Street,Sutherland_Road
Saint_Mary_Street,Chiswick_Road
Hawes_Street,Blandford_Street
Hawes_Street,BU_East
Hawes_Street,BU_Central
Hawes_Street,BU_West
Hawes_Street,Saint_Paul_Street_B
Hawes_Street,Pleasant_Street
Hawes_Street,Babcock_Street
Hawes_Street,Packards_Corner
Hawes_Street,Harvard_Ave.
Hawes_Street,Griggs_Street
Hawes_Street,Allston_Street
Hawes_Street,Warren_Street
Hawes_Street,Washington_Street
Hawes_Street,Sutherland_Road
Hawes_Street,Chiswick_Road
Kent_Street,Blandford_Street
Kent_Street,BU_East
Kent_Street,BU_Central
Kent_Street,BU_West
Kent_Street,Saint_Paul_Street_B
Kent_Street,Pleasant_Street
Kent_Street,Babcock_Street
Kent_Street,Packards_Corner
Kent_Street,Harvard_Ave.
Kent_Street,Griggs_Street
Kent_Street,Allston_Street
Kent_Street,Warren_Street
Kent_Street,Washington_Street
Kent_Street,Sutherland_Road
Kent_Street,Chiswick_Road
St_Pauls_Street_C,Blandford_Street
St_Pauls_Street_C,BU_East
St_Pauls_Street_C,BU_Central
St_Pauls_Street_C,BU_West
St_Pauls_Street_C,Saint_Paul_Street_B
St_Pauls_Street_C,Pleasant_Street
St_Pauls_Street_C,Babcock_Street
St_Pauls_Street_C,Packards_Corner
St_Pauls_Street_C,Harvard_Ave.
St_Pauls_Street_C,Griggs_Street
St_Pauls_Street_C,Allston_Street
St_Pauls_Street_C,Warren_Street
St_Pauls_Street_C,Washington_Street
St_Pauls_Street_C,Sutherland_Road
St_Pauls_Street_C,Chiswick_Road
Coolidge_Corner,Blandford_Street
Coolidge_Corner,BU_East
Coolidge_Corner,BU_Central
Coolidge_Corner,BU_West
Coolidge_Corner,Saint_Paul_Street_B
Coolidge_Corner,Pleasant_Street
Coolidge_Corner,Babcock_Street
Coolidge_Corner,Packards_Corner
Coolidge_Corner,Harvard_Ave.
Coolidge_Corner,Griggs_Street
Coolidge_Corner,Allston_Street
Coolidge_Corner,Warren_Street
Coolidge_Corner,Washington_Street
Coolidge_Corner,Sutherland_Road
Coolidge_Corner,Chiswick_Road
Summit_Ave.,Blandford_Street
Summit_Ave.,BU_East
Summit_Ave.,BU_Central
Summit_Ave.,BU_West
Summit_Ave.,Saint_Paul_Street_B
Summit_Ave.,Pleasant_Street
Summit_Ave.,Babcock_Street
Summit_Ave.,Packards_Corner
Summit_Ave.,Harvard_Ave.
Summit_Ave.,Griggs_Street
Summit_Ave.,Allston_Street
Summit_Ave.,Warren_Street
Summit_Ave.,Washington_Street
Summit_Ave.,Sutherland_Road
Summit_Ave.,Chiswick_Road
Brandon_Hall,Blandford_Street
Brandon_Hall,BU_East
Brandon_Hall,BU_Central
Brandon_Hall,BU_West
Brandon_Hall,Saint_Paul_Street_B
Brandon_Hall,Pleasant_Street
Brandon_Hall,Babcock_Street
Brandon_Hall,Packards_Corner
Brandon_Hall,Harvard_Ave.
Brandon_Hall,Griggs_Street
Brandon_Hall,Allston_Street
Brandon_Hall,Warren_Street
Brandon_Hall,Washington_Street
Brandon_Hall,Sutherland_Road
Brandon_Hall,Chiswick_Road
Fairbanks_Street,Blandford_Street
Fairbanks_Street,BU_East
Fairbanks_Street,BU_Central
Fairbanks_Street,BU_West
Fairbanks_Street,Saint_Paul_Street_B
Fairbanks_Street,Pleasant_Street
Fairbanks_Street,Babcock_Street
Fairbanks_Street,Packards_Corner
Fairbanks_Street,Harvard_Ave.
Fairbanks_Street,Griggs_Street
Fairbanks_Street,Allston_Street
Fairbanks_Street,Warren_Street
Fairbanks_Street,Washington_Street
Fairbanks_Street,Sutherland_Road
Fairbanks_Street,Chiswick_Road
Washington_Square,Blandford_Street
Washington_Square,BU_East
Washington_Square,BU_Central
Washington_Square,BU_West
Washington_Square,Saint_Paul_Street_B
Washington_Square,Pleasant_Street
Washington_Square,Babcock_Street
Washington_Square,Packards_Corner
Washington_Square,Harvard_Ave.
Washington_Square,Griggs_Street
Washington_Square,Allston_Street
Washington_Square,Warren_Street
Washington_Square,Washington_Street
Washington_Square,Sutherland_Road
Washington_Square,Chiswick_Road
Tappan_Street,Blandford_Street
Tappan_Street,BU_East
Tappan_Street,BU_Central
Tappan_Street,BU_West
Tappan_Street,Saint_Paul_Street_B
Tappan_Street,Pleasant_Street
Tappan_Street,Babcock_Street
Tappan_Street,Packards_Corner
Tappan_Street,Harvard_Ave.
Tappan_Street,Griggs_Street
Tappan_Street,Allston_Street
Tappan_Street,Warren_Street
Tappan_Street,Washington_Street
Tappan_Street,Sutherland_Road
Tappan_Street,Chiswick_Road
Tappan_Street,Chestnut_Hill_Ave.
Dean_Road,Blandford_Street
Dean_Road,BU_East
Dean_Road,BU_Central
Dean_Road,BU_West
Dean_Road,Saint_Paul_Street_B
Dean_Road,Pleasant_Street
Dean_Road,Babcock_Street
Dean_Road,Packards_Corner
Dean_Road,Harvard_Ave.
Dean_Road,Griggs_Street
Dean_Road,Allston_Street
Dean_Road,Warren_Street
Dean_Road,Washington_Street
Dean_Road,Sutherland_Road
Dean_Road,Chiswick_Road
Dean_Road,Chestnut_Hill_Ave.
Englewood_Ave.,Blandford_Street
Englewood_Ave.,BU_East
Englewood_Ave.,BU_Central
Englewood_Ave.,BU_West
Englewood_Ave.,Saint_Paul_Street_B
Englewood_Ave.,Pleasant_Street
Englewood_Ave.,Babcock_Street
Englewood_Ave.,Packards_Corner
Englewood_Ave.,Harvard_Ave.
Englewood_Ave.,Griggs_Street
Englewood_Ave.,Allston_Street
Englewood_Ave.,Warren_Street
Englewood_Ave.,Washington_Street
Englewood_Ave.,Sutherland_Road
Englewood_Ave.,Chiswick_Road
Englewood_Ave.,Chestnut_Hill_Ave.
Cleveland_Circle,Blandford_Street
Cleveland_Circle,BU_East
Cleveland_Circle,BU_Central
Cleveland_Circle,BU_West
Cleveland_Circle,Saint_Paul_Street_B
Cleveland_Circle,Pleasant_Street
Cleveland_Circle,Babcock_Street
Cleveland_Circle,Packards_Corner
Cleveland_Circle,Harvard_Ave.
Cleveland_Circle,Griggs_Street
Cleveland_Circle,Allston_Street
Cleveland_Circle,Warren_Street
Cleveland_Circle,Washington_Street
Cleveland_Circle,Sutherland_Road
Cleveland_Circle,Chiswick_Road
Cleveland_Circle,Chestnut_Hill_Ave.
Cleveland_Circle,South_Street
Cleveland_Circle,Boston_College